{
	"4.0.x": [
		{"message": "Added implode method to query builder and Colletion class.", "backport": null},
		{"message": "Fixed bug that caused Model->push method to fail.", "backport": null},
		{"message": "Make session cookie HttpOnly by default.", "backport": null},
		{"message": "Added mail.pretend configuration option.", "backport": null},
		{"message": "Query elapsed time is now reported as float instead of string.", "backport": null},
		{"message": "Added Model::query method for generating an empty query builder.", "backport": null},
		{"message": "The @yield Blade directive now accepts a default value as the second argument.", "backport": null}
	]
}